"Year_2022_Days","Predicted_Recipient_Count_In_Millions"
1,10.1290284051823
2,10.1361448623913
3,10.1432613196002
4,10.1503777768092
5,10.1574942340181
6,10.164610691227
7,10.171727148436
8,10.1788436056449
9,10.1859600628539
10,10.1930765200628
11,10.2001929772718
12,10.2073094344808
13,10.2144258916896
14,10.2215423488986
15,10.2286588061076
16,10.2357752633166
17,10.2428917205255
18,10.2500081777344
19,10.2571246349434
20,10.2642410921523
21,10.2713575493613
22,10.2784740065702
23,10.2855904637792
24,10.2927069209882
25,10.2998233781971
26,10.306939835406
27,10.314056292615
28,10.321172749824
29,10.3282892070329
30,10.3354056642419
31,10.3425221214508
32,10.3496385786598
33,10.3567550358687
34,10.3638714930777
35,10.3709879502866
36,10.3781044074956
37,10.3852208647045
38,10.3923373219135
39,10.3994537791224
40,10.4065702363314
41,10.4136866935403
42,10.4208031507493
43,10.4279196079583
44,10.4350360651672
45,10.4421525223761
46,10.449268979585
47,10.456385436794
48,10.463501894003
49,10.470618351212
50,10.4777348084209
51,10.4848512656298
52,10.4919677228388
53,10.4990841800477
54,10.5062006372567
55,10.5133170944657
56,10.5204335516746
57,10.5275500088835
58,10.5346664660925
59,10.5417829233015
60,10.5488993805105
61,10.5560158377194
62,10.5631322949283
63,10.5702487521372
64,10.5773652093462
65,10.5844816665551
66,10.5915981237641
67,10.5987145809731
68,10.605831038182
69,10.612947495391
70,10.6200639525999
71,10.6271804098089
72,10.6342968670178
73,10.6414133242268
74,10.6485297814357
75,10.6556462386447
76,10.6627626958536
77,10.6698791530625
78,10.6769956102715
79,10.6841120674805
80,10.6912285246895
81,10.6983449818984
82,10.7054614391073
83,10.7125778963163
84,10.7196943535252
85,10.7268108107342
86,10.7339272679431
87,10.7410437251521
88,10.748160182361
89,10.75527663957
90,10.7623930967789
91,10.7695095539879
92,10.7766260111968
93,10.7837424684058
94,10.7908589256147
95,10.7979753828237
96,10.8050918400326
97,10.8122082972416
98,10.8193247544506
99,10.8264412116595
100,10.8335576688684
101,10.8406741260773
102,10.8477905832864
103,10.8549070404954
104,10.8620234977043
105,10.8691399549132
106,10.8762564121222
107,10.8833728693311
108,10.8904893265401
109,10.897605783749
110,10.9047222409579
111,10.9118386981669
112,10.9189551553759
113,10.9260716125848
114,10.9331880697937
115,10.9403045270027
116,10.9474209842117
117,10.9545374414206
118,10.9616538986296
119,10.9687703558386
120,10.9758868130475
121,10.9830032702564
122,10.9901197274654
123,10.9972361846743
124,11.0043526418833
125,11.0114690990922
126,11.0185855563012
127,11.0257020135102
128,11.0328184707191
129,11.039934927928
130,11.0470513851371
131,11.0541678423459
132,11.0612842995549
133,11.0684007567639
134,11.0755172139728
135,11.0826336711817
136,11.0897501283907
137,11.0968665855996
138,11.1039830428086
139,11.1110995000176
140,11.1182159572265
141,11.1253324144355
142,11.1324488716444
143,11.1395653288534
144,11.1466817860623
145,11.1537982432713
146,11.1609147004802
147,11.1680311576892
148,11.1751476148981
149,11.1822640721071
150,11.189380529316
151,11.196496986525
152,11.2036134437339
153,11.2107299009429
154,11.2178463581518
155,11.2249628153608
156,11.2320792725697
157,11.2391957297787
158,11.2463121869876
159,11.2534286441966
160,11.2605451014055
161,11.2676615586145
162,11.2747780158234
163,11.2818944730324
164,11.2890109302413
165,11.2961273874503
166,11.3032438446593
167,11.3103603018682
168,11.3174767590772
169,11.3245932162861
170,11.331709673495
171,11.338826130704
172,11.345942587913
173,11.3530590451219
174,11.3601755023309
175,11.3672919595399
176,11.3744084167488
177,11.3815248739577
178,11.3886413311666
179,11.3957577883756
180,11.4028742455846
181,11.4099907027935
182,11.4171071600025
183,11.4242236172114
184,11.4313400744203
185,11.4384565316294
186,11.4455729888382
187,11.4526894460472
188,11.4598059032561
189,11.4669223604651
190,11.474038817674
191,11.481155274883
192,11.4882717320919
193,11.495388189301
194,11.5025046465099
195,11.5096211037189
196,11.5167375609277
197,11.5238540181367
198,11.5309704753457
199,11.5380869325546
200,11.5452033897636
201,11.5523198469725
202,11.5594363041815
203,11.5665527613904
204,11.5736692185994
205,11.5807856758083
206,11.5879021330173
207,11.5950185902262
208,11.6021350474352
209,11.6092515046442
210,11.6163679618531
211,11.623484419062
212,11.630600876271
213,11.6377173334799
214,11.6448337906889
215,11.6519502478979
216,11.6590667051068
217,11.6661831623158
218,11.6732996195247
219,11.6804160767337
220,11.6875325339426
221,11.6946489911515
222,11.7017654483605
223,11.7088819055695
224,11.7159983627784
225,11.7231148199873
226,11.7302312771963
227,11.7373477344053
228,11.7444641916142
229,11.7515806488232
230,11.7586971060321
231,11.7658135632411
232,11.7729300204501
233,11.780046477659
234,11.7871629348679
235,11.7942793920769
236,11.8013958492859
237,11.8085123064948
238,11.8156287637038
239,11.8227452209127
240,11.8298616781216
241,11.8369781353306
242,11.8440945925395
243,11.8512110497484
244,11.8583275069575
245,11.8654439641664
246,11.8725604213754
247,11.8796768785843
248,11.8867933357932
249,11.8939097930022
250,11.9010262502111
251,11.9081427074202
252,11.9152591646291
253,11.922375621838
254,11.929492079047
255,11.9366085362559
256,11.9437249934649
257,11.9508414506738
258,11.9579579078828
259,11.9650743650917
260,11.9721908223006
261,11.9793072795096
262,11.9864237367185
263,11.9935401939275
264,12.0006566511364
265,12.0077731083454
266,12.0148895655544
267,12.0220060227633
268,12.0291224799723
269,12.0362389371813
270,12.0433553943902
271,12.0504718515991
272,12.0575883088081
273,12.0647047660171
274,12.071821223226
275,12.0789376804349
276,12.0860541376439
277,12.0931705948528
278,12.1002870520618
279,12.1074035092707
280,12.1145199664797
281,12.1216364236886
282,12.1287528808976
283,12.1358693381066
284,12.1429857953155
285,12.1501022525245
286,12.1572187097334
287,12.1643351669423
288,12.1714516241513
289,12.1785680813603
290,12.1856845385692
291,12.1928009957782
292,12.1999174529871
293,12.207033910196
294,12.214150367405
295,12.221266824614
296,12.2283832818229
297,12.2354997390319
298,12.2426161962408
299,12.2497326534498
300,12.2568491106587
301,12.2639655678677
302,12.2710820250766
303,12.2781984822856
304,12.2853149394945
305,12.2924313967035
306,12.2995478539125
307,12.3066643111214
308,12.3137807683303
309,12.3208972255393
310,12.3280136827482
311,12.3351301399572
312,12.3422465971661
313,12.3493630543751
314,12.3564795115841
315,12.363595968793
316,12.370712426002
317,12.3778288832109
318,12.3849453404199
319,12.3920617976288
320,12.3991782548378
321,12.4062947120467
322,12.4134111692556
323,12.4205276264646
324,12.4276440836736
325,12.4347605408825
326,12.4418769980915
327,12.4489934553004
328,12.4561099125094
329,12.4632263697184
330,12.4703428269272
331,12.4774592841362
332,12.4845757413452
333,12.4916921985541
334,12.4988086557631
335,12.505925112972
336,12.513041570181
337,12.5201580273899
338,12.5272744845988
339,12.5343909418078
340,12.5415073990168
341,12.5486238562258
342,12.5557403134347
343,12.5628567706437
344,12.5699732278526
345,12.5770896850615
346,12.5842061422705
347,12.5913225994794
348,12.5984390566884
349,12.6055555138974
350,12.6126719711063
351,12.6197884283152
352,12.6269048855242
353,12.6340213427332
354,12.641137799942
355,12.6482542571511
356,12.65537071436
357,12.662487171569
358,12.6696036287779
359,12.6767200859868
360,12.6838365431958
361,12.6909530004047
362,12.6980694576137
363,12.7051859148227
364,12.7123023720316
365,12.7194188292406
